created_at,soil1,soil2,temp_c,humidity,light,decision
2025-10-27T04:52:43.368991,649,441,26.79,39.66,632,1
2025-10-27T04:53:01.368991,628,697,29.74,44.05,735,1
2025-10-27T04:53:19.368991,551,629,29.98,52.98,771,1
2025-10-27T04:53:37.368991,490,469,26.1,44.93,262,0
2025-10-27T04:53:55.368991,568,548,24.01,68.66,516,0
2025-10-27T04:54:13.368991,565,609,24.25,54.92,635,1
2025-10-27T04:54:31.368991,563,725,21.8,59.71,856,1
2025-10-27T04:54:49.368991,655,625,26.88,35.63,727,1
2025-10-27T04:55:07.368991,716,496,25.07,70.04,697,1
2025-10-27T04:55:25.368991,528,493,29.19,55.16,722,0
2025-10-27T04:55:43.368991,639,487,29.34,74.58,667,1
2025-10-27T04:56:01.368991,577,417,28.02,52.97,525,0
2025-10-27T04:56:19.368991,720,595,25.16,46.98,852,1
2025-10-27T04:56:37.368991,658,699,25.33,44.44,292,1
2025-10-27T04:56:55.368991,471,625,20.47,55.11,581,1
2025-10-27T04:57:13.368991,709,456,28.82,41.43,443,1
2025-10-27T04:57:31.368991,427,546,22.49,63.72,370,0
2025-10-27T04:57:49.368991,613,728,25.08,70.12,825,1
2025-10-27T04:58:07.368991,549,598,23.42,55.19,864,0
2025-10-27T04:58:25.368991,478,733,28.2,48.18,404,1
2025-10-27T04:58:43.368991,747,418,25.93,66.05,413,1
2025-10-27T04:59:01.368991,661,571,20.67,53.46,513,1
2025-10-27T04:59:19.368991,519,593,27.81,40.38,695,0
2025-10-27T04:59:37.368991,572,495,29.03,36.62,194,0
2025-10-27T04:59:55.368991,435,480,28.0,61.16,559,0
2025-10-27T05:00:13.368991,427,714,24.45,54.87,233,1
2025-10-27T05:00:31.368991,590,599,24.64,47.01,680,0
2025-10-27T05:00:49.368991,676,494,20.98,67.25,297,1
2025-10-27T05:01:07.368991,691,410,26.44,38.51,244,1
2025-10-27T05:01:25.368991,498,406,21.34,73.5,253,0
2025-10-27T05:01:43.368991,464,455,24.17,72.59,199,0
2025-10-27T05:02:01.368991,692,698,25.32,39.15,439,1
2025-10-27T05:02:19.368991,562,744,18.93,49.62,193,1
2025-10-27T05:02:37.368991,460,531,29.01,45.28,410,0
2025-10-27T05:02:55.368991,740,445,22.17,56.18,182,1
2025-10-27T05:03:13.368991,415,438,28.12,44.97,159,0
2025-10-27T05:03:31.368991,592,460,22.22,59.97,341,0
2025-10-27T05:03:49.368991,733,597,25.3,71.94,189,1
2025-10-27T05:04:07.368991,575,624,20.25,62.8,658,1
2025-10-27T05:04:25.368991,475,662,25.68,67.13,313,1
2025-10-27T05:04:43.368991,647,523,23.72,47.65,794,1
2025-10-27T05:05:01.368991,596,676,20.99,69.13,884,1
2025-10-27T05:05:19.368991,461,429,22.25,54.91,608,0
2025-10-27T05:05:37.368991,434,639,20.34,56.31,414,1
2025-10-27T05:05:55.368991,720,446,18.27,66.39,202,1
2025-10-27T05:06:13.368991,647,628,25.17,42.63,262,1
2025-10-27T05:06:31.368991,626,467,29.08,57.83,207,1
2025-10-27T05:06:49.368991,518,510,27.59,60.51,632,0
2025-10-27T05:07:07.368991,566,505,24.03,60.12,530,0
2025-10-27T05:07:25.368991,414,484,19.96,35.97,358,0
2025-10-27T05:07:43.368991,431,540,22.72,69.16,579,0
2025-10-27T05:08:01.368991,442,413,22.12,43.23,744,0
2025-10-27T05:08:19.368991,561,532,20.72,41.07,490,0
2025-10-27T05:08:37.368991,574,723,22.62,59.37,342,1
2025-10-27T05:08:55.368991,690,727,18.97,53.36,204,1
2025-10-27T05:09:13.368991,552,548,28.28,74.12,369,0
2025-10-27T05:09:31.368991,488,651,22.05,47.47,734,1
2025-10-27T05:09:49.368991,709,599,26.97,52.87,425,1
2025-10-27T05:10:07.368991,563,428,22.54,60.26,895,0
2025-10-27T05:10:25.368991,543,508,27.46,65.91,701,0
2025-10-27T05:10:43.368991,748,474,19.11,74.23,655,1
2025-10-27T05:11:01.368991,436,545,19.83,42.85,259,0
2025-10-27T05:11:19.368991,405,644,27.11,40.28,329,1
2025-10-27T05:11:37.368991,585,523,27.39,41.48,563,0
2025-10-27T05:11:55.368991,403,650,19.6,72.72,654,1
2025-10-27T05:12:13.368991,676,690,29.04,40.27,201,1
2025-10-27T05:12:31.368991,413,679,26.15,44.15,460,1
2025-10-27T05:12:49.368991,511,536,23.03,61.96,750,0
2025-10-27T05:13:07.368991,660,443,23.07,48.51,431,1
2025-10-27T05:13:25.368991,405,673,29.49,71.5,683,1
2025-10-27T05:13:43.368991,660,660,25.07,51.15,584,1
2025-10-27T05:14:01.368991,582,524,27.16,51.4,628,0
2025-10-27T05:14:19.368991,741,720,19.98,46.7,495,1
2025-10-27T05:14:37.368991,713,600,21.15,42.2,347,1
2025-10-27T05:14:55.368991,475,698,25.32,71.16,562,1
2025-10-27T05:15:13.368991,574,509,18.34,72.22,389,0
2025-10-27T05:15:31.368991,440,408,29.67,35.36,898,0
2025-10-27T05:15:49.368991,443,592,24.64,73.07,881,0
2025-10-27T05:16:07.368991,632,519,19.75,48.84,305,1
2025-10-27T05:16:25.368991,435,726,19.83,59.26,455,1
2025-10-27T05:16:43.368991,646,463,23.95,48.12,442,1
2025-10-27T05:17:01.368991,500,575,26.93,59.04,625,0
2025-10-27T05:17:19.368991,545,443,20.78,45.33,229,0
2025-10-27T05:17:37.368991,560,714,26.19,49.74,585,1
2025-10-27T05:17:55.368991,737,679,27.82,64.94,816,1
2025-10-27T05:18:13.368991,720,535,22.01,61.73,418,1
2025-10-27T05:18:31.368991,690,483,26.92,36.88,854,1
2025-10-27T05:18:49.368991,470,571,27.57,48.73,300,0
2025-10-27T05:19:07.368991,480,611,20.03,56.82,769,1
2025-10-27T05:19:25.368991,495,624,28.19,70.17,797,1
2025-10-27T05:19:43.368991,652,480,28.3,62.07,781,1
2025-10-27T05:20:01.368991,704,435,29.33,38.52,783,1
2025-10-27T05:20:19.368991,446,623,19.65,62.08,807,1
2025-10-27T05:20:37.368991,439,472,23.92,60.89,620,0
2025-10-27T05:20:55.368991,631,478,19.65,50.38,824,1
2025-10-27T05:21:13.368991,683,592,25.84,47.47,261,1
2025-10-27T05:21:31.368991,448,517,23.17,51.19,807,0
2025-10-27T05:21:49.368991,573,485,23.86,46.21,257,0
2025-10-27T05:22:07.368991,600,549,29.51,35.92,699,0
2025-10-27T05:22:25.368991,631,520,25.79,63.84,218,1
2025-10-27T05:22:43.368991,637,437,26.35,69.11,372,1
2025-10-27T05:23:01.368991,742,597,18.72,56.42,702,1
2025-10-27T05:23:19.368991,658,744,25.2,62.7,404,1
2025-10-27T05:23:37.368991,568,688,29.97,43.0,301,1
2025-10-27T05:23:55.368991,571,509,22.42,36.44,485,0
2025-10-27T05:24:13.368991,686,492,25.98,63.02,630,1
2025-10-27T05:24:31.368991,647,688,27.25,46.82,153,1
2025-10-27T05:24:49.368991,566,698,29.04,45.05,367,1
2025-10-27T05:25:07.368991,732,737,25.93,56.37,385,1
2025-10-27T05:25:25.368991,459,711,21.72,38.23,446,1
2025-10-27T05:25:43.368991,416,426,18.46,43.36,229,0
2025-10-27T05:26:01.368991,608,737,21.12,50.38,419,1
2025-10-27T05:26:19.368991,724,521,22.44,61.33,719,1
2025-10-27T05:26:37.368991,739,518,24.98,54.38,226,1
2025-10-27T05:26:55.368991,615,421,20.7,45.4,258,1
2025-10-27T05:27:13.368991,499,624,20.16,52.07,424,1
2025-10-27T05:27:31.368991,651,459,29.34,59.09,872,1
2025-10-27T05:27:49.368991,617,716,20.53,69.68,287,1
2025-10-27T05:28:07.368991,699,650,23.94,73.91,299,1
2025-10-27T05:28:25.368991,429,739,24.51,55.03,505,1
2025-10-27T05:28:43.368991,427,548,28.59,45.43,802,0
2025-10-27T05:29:01.368991,671,423,28.58,63.41,659,1
2025-10-27T05:29:19.368991,693,589,22.57,48.32,869,1
2025-10-27T05:29:37.368991,659,642,26.88,58.02,445,1
2025-10-27T05:29:55.368991,631,603,28.63,68.85,694,1
2025-10-27T05:30:13.368991,401,554,20.51,45.27,341,0
2025-10-27T05:30:31.368991,744,585,21.06,53.9,392,1
2025-10-27T05:30:49.368991,564,439,27.19,52.08,708,0
2025-10-27T05:31:07.368991,526,474,19.61,63.42,658,0
2025-10-27T05:31:25.368991,579,599,26.99,66.45,580,0
2025-10-27T05:31:43.368991,635,634,28.81,39.7,347,1
2025-10-27T05:32:01.368991,571,500,29.08,73.33,829,0
2025-10-27T05:32:19.368991,406,674,20.71,67.52,735,1
2025-10-27T05:32:37.368991,439,540,20.26,64.02,361,0
2025-10-27T05:32:55.368991,535,611,21.3,62.74,555,1
2025-10-27T05:33:13.368991,451,626,28.38,73.98,682,1
2025-10-27T05:33:31.368991,613,655,23.2,51.97,525,1
2025-10-27T05:33:49.368991,638,632,24.09,53.86,247,1
2025-10-27T05:34:07.368991,551,526,18.14,65.53,512,0
2025-10-27T05:34:25.368991,559,582,24.89,44.08,654,0
2025-10-27T05:34:43.368991,742,448,20.82,49.12,624,1
2025-10-27T05:35:01.368991,690,463,18.11,46.19,527,1
2025-10-27T05:35:19.368991,650,727,24.77,70.47,439,1
2025-10-27T05:35:37.368991,628,507,27.85,60.18,761,1
2025-10-27T05:35:55.368991,473,599,24.69,42.25,885,0
2025-10-27T05:36:13.368991,545,579,25.81,60.1,814,0
2025-10-27T05:36:31.368991,627,538,27.44,51.31,499,1
2025-10-27T05:36:49.368991,417,654,27.55,44.99,264,1
2025-10-27T05:37:07.368991,570,490,19.84,54.04,273,0
2025-10-27T05:37:25.368991,502,511,19.7,63.17,214,0
2025-10-27T05:37:43.368991,632,444,21.03,59.21,636,1
2025-10-27T05:38:01.368991,487,612,19.67,56.28,529,1
2025-10-27T05:38:19.368991,671,457,26.63,66.06,773,1
2025-10-27T05:38:37.368991,665,404,19.96,71.72,483,1
2025-10-27T05:38:55.368991,497,488,23.55,68.3,826,0
2025-10-27T05:39:13.368991,708,705,18.83,43.36,665,1
2025-10-27T05:39:31.368991,415,479,24.86,51.53,789,0
2025-10-27T05:39:49.368991,738,425,25.53,56.84,626,1
2025-10-27T05:40:07.368991,604,616,27.72,47.95,171,1
2025-10-27T05:40:25.368991,602,487,24.43,53.54,229,1
2025-10-27T05:40:43.368991,430,732,25.23,67.13,436,1
2025-10-27T05:41:01.368991,444,635,19.11,43.45,336,1
2025-10-27T05:41:19.368991,681,412,23.64,37.15,171,1
2025-10-27T05:41:37.368991,545,702,24.63,65.43,816,1
2025-10-27T05:41:55.368991,629,400,18.5,57.41,373,1
2025-10-27T05:42:13.368991,654,516,19.2,39.61,427,1
2025-10-27T05:42:31.368991,580,536,27.0,55.97,464,0
2025-10-27T05:42:49.368991,577,680,22.45,61.16,552,1
2025-10-27T05:43:07.368991,519,534,19.86,44.16,771,0
2025-10-27T05:43:25.368991,454,630,25.37,69.08,194,1
2025-10-27T05:43:43.368991,629,674,28.91,59.87,267,1
2025-10-27T05:44:01.368991,405,606,21.68,72.73,447,1
2025-10-27T05:44:19.368991,748,502,26.03,41.46,237,1
2025-10-27T05:44:37.368991,677,503,25.28,61.64,574,1
2025-10-27T05:44:55.368991,437,568,20.01,57.7,789,0
2025-10-27T05:45:13.368991,710,418,29.67,49.0,591,1
2025-10-27T05:45:31.368991,472,687,25.23,37.07,215,1
2025-10-27T05:45:49.368991,595,692,27.52,64.99,155,1
2025-10-27T05:46:07.368991,706,509,25.01,71.49,711,1
2025-10-27T05:46:25.368991,664,574,27.1,38.72,415,1
2025-10-27T05:46:43.368991,583,655,27.82,58.37,820,1
2025-10-27T05:47:01.368991,548,425,29.96,49.75,568,0
2025-10-27T05:47:19.368991,538,537,26.49,42.28,860,0
2025-10-27T05:47:37.368991,514,741,26.3,70.01,226,1
2025-10-27T05:47:55.368991,624,670,22.11,47.29,265,1
2025-10-27T05:48:13.368991,729,574,23.23,69.15,650,1
2025-10-27T05:48:31.368991,710,476,18.99,43.13,215,1
2025-10-27T05:48:49.368991,514,716,21.61,45.02,368,1
2025-10-27T05:49:07.368991,593,425,22.35,55.65,575,0
2025-10-27T05:49:25.368991,589,403,20.3,67.92,722,0
2025-10-27T05:49:43.368991,482,598,25.68,59.41,838,0
2025-10-27T05:50:01.368991,629,448,23.54,35.86,222,1
2025-10-27T05:50:19.368991,544,694,19.57,53.33,394,1
2025-10-27T05:50:37.368991,434,702,25.19,36.43,739,1
2025-10-27T05:50:55.368991,499,542,24.87,48.42,155,0
2025-10-27T05:51:13.368991,407,672,26.34,69.84,550,1
2025-10-27T05:51:31.368991,402,565,29.42,54.58,372,0
2025-10-27T05:51:49.368991,591,652,29.38,40.96,764,1
2025-10-27T05:52:07.368991,625,700,29.42,53.51,819,1
2025-10-27T05:52:25.368991,560,669,20.41,71.78,677,1
2025-10-27T05:52:43.368991,463,694,24.94,43.69,316,1
2025-10-27T05:53:01.368991,433,571,24.71,74.9,289,0
2025-10-27T05:53:19.368991,515,703,24.62,36.79,609,1
2025-10-27T05:53:37.368991,499,525,25.09,64.79,291,0
2025-10-27T05:53:55.368991,716,460,18.22,62.15,349,1
2025-10-27T05:54:13.368991,487,434,29.08,39.85,365,0
2025-10-27T05:54:31.368991,608,744,23.61,39.18,845,1
2025-10-27T05:54:49.368991,728,724,20.34,53.8,545,1
2025-10-27T05:55:07.368991,607,663,22.02,59.81,807,1
2025-10-27T05:55:25.368991,564,749,28.6,61.62,390,1
2025-10-27T05:55:43.368991,473,417,28.1,49.4,240,0
2025-10-27T05:56:01.368991,690,548,19.71,55.38,832,1
2025-10-27T05:56:19.368991,492,603,24.96,55.75,479,1
2025-10-27T05:56:37.368991,441,640,26.21,67.87,173,1
2025-10-27T05:56:55.368991,696,452,23.36,40.46,858,1
2025-10-27T05:57:13.368991,517,477,21.32,51.74,718,0
2025-10-27T05:57:31.368991,736,451,23.86,42.02,568,1
2025-10-27T05:57:49.368991,433,744,28.5,40.82,768,1
2025-10-27T05:58:07.368991,520,581,20.31,73.45,368,0
2025-10-27T05:58:25.368991,526,569,26.07,45.98,340,0
2025-10-27T05:58:43.368991,696,694,19.48,39.78,588,1
2025-10-27T05:59:01.368991,499,645,29.75,39.43,725,1
2025-10-27T05:59:19.368991,442,489,24.13,56.97,883,0
2025-10-27T05:59:37.368991,477,708,21.13,53.73,246,1
2025-10-27T05:59:55.368991,437,688,18.67,38.26,366,1
2025-10-27T06:00:13.368991,627,512,19.18,73.93,646,1
2025-10-27T06:00:31.368991,403,643,23.02,67.0,597,1
2025-10-27T06:00:49.368991,680,628,27.52,54.85,170,1
2025-10-27T06:01:07.368991,426,674,22.28,64.17,613,1
2025-10-27T06:01:25.368991,639,584,28.91,66.69,869,1
2025-10-27T06:01:43.368991,747,642,19.98,68.9,481,1
2025-10-27T06:02:01.368991,518,460,27.4,62.71,765,0
2025-10-27T06:02:19.368991,570,423,27.8,63.34,879,0
2025-10-27T06:02:37.368991,698,746,29.54,66.36,236,1
2025-10-27T06:02:55.368991,495,432,28.89,54.68,725,0
2025-10-27T06:03:13.368991,680,524,19.62,46.13,745,1
2025-10-27T06:03:31.368991,666,440,23.78,37.52,421,1
2025-10-27T06:03:49.368991,479,575,27.19,70.56,296,0
2025-10-27T06:04:07.368991,650,585,27.4,51.06,645,1
2025-10-27T06:04:25.368991,518,690,24.29,61.73,486,1
2025-10-27T06:04:43.368991,437,682,27.08,57.98,592,1
2025-10-27T06:05:01.368991,622,549,21.48,47.35,294,1
2025-10-27T06:05:19.368991,628,437,28.81,63.18,505,1
2025-10-27T06:05:37.368991,680,432,25.85,44.55,623,1
2025-10-27T06:05:55.368991,681,475,24.83,70.66,621,1
2025-10-27T06:06:13.368991,749,565,29.91,68.44,477,1
2025-10-27T06:06:31.368991,671,505,27.26,36.16,619,1
2025-10-27T06:06:49.368991,455,401,26.11,38.27,837,0
2025-10-27T06:07:07.368991,626,480,21.75,58.39,330,1
2025-10-27T06:07:25.368991,557,663,28.93,57.8,365,1
2025-10-27T06:07:43.368991,617,457,26.7,40.84,823,1
2025-10-27T06:08:01.368991,704,646,18.99,53.82,513,1
2025-10-27T06:08:19.368991,647,404,21.54,37.3,414,1
2025-10-27T06:08:37.368991,537,710,28.34,46.79,279,1
2025-10-27T06:08:55.368991,432,743,29.46,70.79,851,1
2025-10-27T06:09:13.368991,407,486,21.54,73.13,307,0
2025-10-27T06:09:31.368991,713,647,18.95,45.75,376,1
2025-10-27T06:09:49.368991,407,616,22.3,38.44,811,1
2025-10-27T06:10:07.368991,408,646,20.78,65.8,775,1
2025-10-27T06:10:25.368991,609,449,23.06,72.02,626,1
2025-10-27T06:10:43.368991,701,678,18.64,38.42,636,1
2025-10-27T06:11:01.368991,673,746,25.02,56.4,652,1
2025-10-27T06:11:19.368991,412,654,23.2,68.06,698,1
2025-10-27T06:11:37.368991,475,671,20.52,51.13,477,1
2025-10-27T06:11:55.368991,558,604,25.06,46.07,594,1
2025-10-27T06:12:13.368991,685,403,27.09,66.3,283,1
2025-10-27T06:12:31.368991,634,734,24.55,67.67,812,1
2025-10-27T06:12:49.368991,690,694,25.71,70.8,661,1
2025-10-27T06:13:07.368991,712,580,24.28,58.84,676,1
2025-10-27T06:13:25.368991,653,537,29.56,73.0,485,1
2025-10-27T06:13:43.368991,557,514,23.36,64.04,386,0
2025-10-27T06:14:01.368991,417,413,22.85,43.75,802,0
2025-10-27T06:14:19.368991,451,646,18.11,74.4,216,1
2025-10-27T06:14:37.368991,535,641,26.51,51.32,861,1
2025-10-27T06:14:55.368991,559,408,27.35,37.29,620,0
2025-10-27T06:15:13.368991,599,715,20.47,51.89,757,1
2025-10-27T06:15:31.368991,591,726,27.34,62.51,791,1
2025-10-27T06:15:49.368991,734,692,21.2,49.33,744,1
2025-10-27T06:16:07.368991,732,617,20.19,39.72,892,1
2025-10-27T06:16:25.368991,606,631,19.15,71.11,640,1
2025-10-27T06:16:43.368991,440,521,27.89,62.93,205,0
2025-10-27T06:17:01.368991,632,601,27.42,61.39,394,1
2025-10-27T06:17:19.368991,621,514,27.4,42.12,230,1
2025-10-27T06:17:37.368991,513,617,27.58,39.33,255,1
2025-10-27T06:17:55.368991,712,609,19.51,65.47,570,1
2025-10-27T06:18:13.368991,430,422,19.79,41.02,265,0
2025-10-27T06:18:31.368991,735,496,19.14,62.68,256,1
2025-10-27T06:18:49.368991,551,421,19.23,65.5,787,0
2025-10-27T06:19:07.368991,457,706,29.89,70.11,517,1
2025-10-27T06:19:25.368991,401,586,29.78,37.41,388,0
2025-10-27T06:19:43.368991,656,633,29.27,41.59,629,1
2025-10-27T06:20:01.368991,483,424,26.58,54.01,868,0
2025-10-27T06:20:19.368991,529,738,23.36,47.0,536,1
2025-10-27T06:20:37.368991,531,669,19.76,58.51,848,1
2025-10-27T06:20:55.368991,602,622,27.39,65.55,535,1
2025-10-27T06:21:13.368991,424,578,25.71,37.7,418,0
2025-10-27T06:21:31.368991,733,612,26.18,59.46,758,1
2025-10-27T06:21:49.368991,495,520,21.77,61.5,403,0
2025-10-27T06:22:07.368991,458,477,22.85,50.34,814,0
2025-10-27T06:22:25.368991,507,728,22.49,35.48,322,1
2025-10-27T06:22:43.368991,701,597,27.72,36.33,233,1
2025-10-27T06:23:01.368991,705,722,29.61,62.35,797,1
2025-10-27T06:23:19.368991,503,488,22.3,67.44,680,0
2025-10-27T06:23:37.368991,501,732,20.32,42.68,371,1
2025-10-27T06:23:55.368991,646,705,21.73,73.56,649,1
2025-10-27T06:24:13.368991,502,481,19.82,51.48,370,0
2025-10-27T06:24:31.368991,737,580,23.26,71.53,753,1
2025-10-27T06:24:49.368991,517,409,24.53,57.97,424,0
2025-10-27T06:25:07.368991,622,659,28.93,73.47,163,1
2025-10-27T06:25:25.368991,588,553,21.98,55.99,702,0
2025-10-27T06:25:43.368991,730,433,28.49,70.93,464,1
2025-10-27T06:26:01.368991,467,718,28.32,65.06,401,1
2025-10-27T06:26:19.368991,668,524,23.31,53.96,467,1
2025-10-27T06:26:37.368991,505,738,29.15,36.24,556,1
2025-10-27T06:26:55.368991,571,583,24.8,56.83,241,0
2025-10-27T06:27:13.368991,727,507,20.29,39.45,525,1
2025-10-27T06:27:31.368991,642,579,29.56,40.35,289,1
2025-10-27T06:27:49.368991,630,523,27.44,54.24,411,1
2025-10-27T06:28:07.368991,502,476,28.17,49.14,636,0
2025-10-27T06:28:25.368991,689,567,25.73,65.67,498,1
2025-10-27T06:28:43.368991,516,627,28.35,37.05,569,1
2025-10-27T06:29:01.368991,449,675,21.98,51.64,647,1
2025-10-27T06:29:19.368991,737,521,28.7,62.22,206,1
2025-10-27T06:29:37.368991,649,739,21.74,67.42,572,1
2025-10-27T06:29:55.368991,508,675,28.41,58.52,662,1
2025-10-27T06:30:13.368991,549,460,20.28,37.25,478,0
2025-10-27T06:30:31.368991,728,581,21.86,49.4,873,1
2025-10-27T06:30:49.368991,652,694,25.06,71.84,614,1
2025-10-27T06:31:07.368991,649,573,28.7,69.44,612,1
2025-10-27T06:31:25.368991,473,750,23.17,36.73,315,1
2025-10-27T06:31:43.368991,434,647,18.66,40.61,225,1
2025-10-27T06:32:01.368991,473,728,24.53,67.72,671,1
2025-10-27T06:32:19.368991,684,609,18.63,58.4,173,1
2025-10-27T06:32:37.368991,625,668,23.79,69.94,822,1
2025-10-27T06:32:55.368991,515,694,25.44,43.12,539,1
2025-10-27T06:33:13.368991,737,727,22.65,53.63,731,1
2025-10-27T06:33:31.368991,679,414,24.85,66.47,824,1
2025-10-27T06:33:49.368991,718,648,18.65,58.79,830,1
2025-10-27T06:34:07.368991,561,402,29.97,63.41,568,0
2025-10-27T06:34:25.368991,677,614,23.84,56.12,894,1
2025-10-27T06:34:43.368991,405,558,20.41,70.21,644,0
2025-10-27T06:35:01.368991,547,447,19.02,36.68,410,0
2025-10-27T06:35:19.368991,650,471,20.19,63.58,826,1
2025-10-27T06:35:37.368991,465,723,29.29,67.77,487,1
2025-10-27T06:35:55.368991,409,449,26.07,47.28,186,0
2025-10-27T06:36:13.368991,609,719,24.97,46.66,576,1
2025-10-27T06:36:31.368991,685,421,25.97,63.31,650,1
2025-10-27T06:36:49.368991,673,692,26.55,69.05,477,1
2025-10-27T06:37:07.368991,547,639,22.35,63.32,539,1
2025-10-27T06:37:25.368991,492,525,20.9,67.98,894,0
2025-10-27T06:37:43.368991,702,650,25.79,42.08,374,1
2025-10-27T06:38:01.368991,410,543,27.55,51.32,894,0
2025-10-27T06:38:19.368991,460,464,29.9,37.42,179,0
2025-10-27T06:38:37.368991,454,484,18.12,62.37,547,0
2025-10-27T06:38:55.368991,417,581,26.35,48.22,344,0
2025-10-27T06:39:13.368991,613,484,25.59,51.56,621,1
2025-10-27T06:39:31.368991,509,705,20.75,50.96,650,1
2025-10-27T06:39:49.368991,665,647,21.35,44.87,340,1
2025-10-27T06:40:07.368991,425,618,18.75,48.83,234,1
2025-10-27T06:40:25.368991,478,501,18.51,57.87,302,0
2025-10-27T06:40:43.368991,484,455,21.72,68.9,439,0
2025-10-27T06:41:01.368991,419,574,24.08,52.91,485,0
2025-10-27T06:41:19.368991,479,537,22.5,40.43,589,0
2025-10-27T06:41:37.368991,598,585,25.04,74.54,259,0
2025-10-27T06:41:55.368991,684,577,19.5,48.71,641,1
2025-10-27T06:42:13.368991,476,689,29.06,36.33,483,1
2025-10-27T06:42:31.368991,462,651,25.01,57.71,171,1
2025-10-27T06:42:49.368991,609,453,27.88,62.54,792,1
2025-10-27T06:43:07.368991,590,422,29.43,74.66,506,0
2025-10-27T06:43:25.368991,588,521,23.25,69.88,429,0
2025-10-27T06:43:43.368991,599,537,29.16,68.45,717,0
2025-10-27T06:44:01.368991,546,540,25.09,73.17,786,0
2025-10-27T06:44:19.368991,617,546,28.8,36.13,654,1
2025-10-27T06:44:37.368991,456,750,21.96,39.47,485,1
2025-10-27T06:44:55.368991,743,513,18.86,46.11,440,1
2025-10-27T06:45:13.368991,741,429,18.36,53.5,427,1
2025-10-27T06:45:31.368991,607,401,19.23,74.97,326,1
2025-10-27T06:45:49.368991,604,735,21.69,71.14,676,1
2025-10-27T06:46:07.368991,559,490,22.48,51.99,480,0
2025-10-27T06:46:25.368991,575,713,22.62,66.33,716,1
2025-10-27T06:46:43.368991,655,562,29.62,47.8,585,1
2025-10-27T06:47:01.368991,562,678,18.78,56.66,643,1
2025-10-27T06:47:19.368991,421,630,29.97,66.55,189,1
2025-10-27T06:47:37.368991,409,452,28.8,51.16,282,0
2025-10-27T06:47:55.368991,710,728,23.03,36.71,203,1
2025-10-27T06:48:13.368991,553,403,28.3,49.14,404,0
2025-10-27T06:48:31.368991,542,674,18.51,39.57,352,1
2025-10-27T06:48:49.368991,447,432,28.0,55.14,220,0
2025-10-27T06:49:07.368991,459,543,22.17,38.93,543,0
2025-10-27T06:49:25.368991,608,446,20.03,64.8,666,1
2025-10-27T06:49:43.368991,495,523,22.38,35.65,323,0
2025-10-27T06:50:01.368991,584,456,24.04,67.61,824,0
2025-10-27T06:50:19.368991,413,683,23.91,40.23,724,1
2025-10-27T06:50:37.368991,584,437,29.53,42.82,882,0
2025-10-27T06:50:55.368991,660,450,26.53,66.85,667,1
2025-10-27T06:51:13.368991,703,471,20.34,55.75,801,1
2025-10-27T06:51:31.368991,517,432,25.25,67.72,557,0
2025-10-27T06:51:49.368991,443,629,23.31,42.25,309,1
2025-10-27T06:52:07.368991,457,563,29.65,58.34,150,0
2025-10-27T06:52:25.368991,537,613,21.98,74.3,306,1
2025-10-27T06:52:43.368991,427,612,18.91,66.32,409,1
2025-10-27T06:53:01.368991,403,639,26.82,59.93,329,1
2025-10-27T06:53:19.368991,643,673,23.41,58.43,441,1
2025-10-27T06:53:37.368991,408,660,21.01,60.95,284,1
2025-10-27T06:53:55.368991,590,552,28.41,65.42,440,0
2025-10-27T06:54:13.368991,568,456,24.71,47.13,192,0
2025-10-27T06:54:31.368991,739,701,22.67,70.41,186,1
2025-10-27T06:54:49.368991,565,544,24.63,39.94,759,0
2025-10-27T06:55:07.368991,524,437,29.75,50.83,633,0
2025-10-27T06:55:25.368991,699,406,23.28,61.66,506,1
2025-10-27T06:55:43.368991,667,439,23.8,72.78,739,1
2025-10-27T06:56:01.368991,639,725,28.58,42.65,619,1
2025-10-27T06:56:19.368991,533,407,28.56,43.9,847,0
2025-10-27T06:56:37.368991,518,668,29.61,41.39,386,1
2025-10-27T06:56:55.368991,691,654,28.91,63.4,593,1
2025-10-27T06:57:13.368991,518,431,25.11,36.43,352,0
2025-10-27T06:57:31.368991,488,518,20.0,71.39,731,0
2025-10-27T06:57:49.368991,690,623,27.61,42.85,256,1
2025-10-27T06:58:07.368991,679,530,25.62,36.98,823,1
2025-10-27T06:58:25.368991,472,551,27.32,46.42,609,0
2025-10-27T06:58:43.368991,551,498,26.73,49.65,345,0
2025-10-27T06:59:01.368991,406,655,18.27,72.18,571,1
2025-10-27T06:59:19.368991,690,448,22.79,64.3,341,1
2025-10-27T06:59:37.368991,499,703,29.26,53.92,356,1
2025-10-27T06:59:55.368991,579,452,19.13,61.33,338,0
2025-10-27T07:00:13.368991,508,454,26.05,48.05,579,0
2025-10-27T07:00:31.368991,538,515,25.44,44.32,871,0
2025-10-27T07:00:49.368991,732,524,26.51,56.32,279,1
2025-10-27T07:01:07.368991,652,652,18.12,66.93,325,1
2025-10-27T07:01:25.368991,688,623,19.6,68.27,352,1
2025-10-27T07:01:43.368991,436,685,18.15,66.9,308,1
2025-10-27T07:02:01.368991,726,438,28.08,67.37,481,1
2025-10-27T07:02:19.368991,497,419,19.26,52.5,812,0
2025-10-27T07:02:37.368991,578,682,28.14,74.22,661,1
2025-10-27T07:02:55.368991,670,401,23.97,66.7,368,1
2025-10-27T07:03:13.368991,594,489,29.18,62.57,212,0
2025-10-27T07:03:31.368991,618,737,25.45,58.5,274,1
2025-10-27T07:03:49.368991,580,473,29.74,36.52,711,0
2025-10-27T07:04:07.368991,452,569,23.15,50.74,523,0
2025-10-27T07:04:25.368991,672,582,18.23,43.59,601,1
2025-10-27T07:04:43.368991,601,585,28.36,40.93,489,1
2025-10-27T07:05:01.368991,511,645,18.83,51.78,221,1
2025-10-27T07:05:19.368991,582,448,22.27,42.55,823,0
2025-10-27T07:05:37.368991,502,707,21.76,52.73,546,1
2025-10-27T07:05:55.368991,415,408,18.6,46.62,233,0
2025-10-27T07:06:13.368991,485,400,21.08,65.35,477,0
2025-10-27T07:06:31.368991,446,603,26.5,68.39,782,1
2025-10-27T07:06:49.368991,522,413,27.47,73.09,557,0
2025-10-27T07:07:07.368991,653,495,26.98,56.31,324,1
2025-10-27T07:07:25.368991,419,466,19.95,42.59,239,0
2025-10-27T07:07:43.368991,625,410,18.38,70.86,517,1
2025-10-27T07:08:01.368991,709,681,19.99,51.01,242,1
2025-10-27T07:08:19.368991,605,725,29.2,64.25,220,1
2025-10-27T07:08:37.368991,649,620,23.29,57.01,620,1
2025-10-27T07:08:55.368991,588,742,25.78,43.23,652,1
2025-10-27T07:09:13.368991,672,545,24.4,57.91,867,1
2025-10-27T07:09:31.368991,615,547,24.57,49.61,269,1
2025-10-27T07:09:49.368991,640,685,29.28,54.48,714,1
2025-10-27T07:10:07.368991,616,555,18.12,47.17,416,1
2025-10-27T07:10:25.368991,643,747,23.33,61.78,508,1
2025-10-27T07:10:43.368991,701,549,18.75,71.08,616,1
2025-10-27T07:11:01.368991,654,471,28.42,58.9,547,1
2025-10-27T07:11:19.368991,463,745,29.04,62.13,848,1
2025-10-27T07:11:37.368991,601,709,22.58,73.37,580,1
2025-10-27T07:11:55.368991,544,698,29.99,64.76,287,1
2025-10-27T07:12:13.368991,721,601,19.71,55.58,669,1
2025-10-27T07:12:31.368991,642,494,28.44,57.36,765,1
2025-10-27T07:12:49.368991,536,662,21.33,43.43,758,1
2025-10-27T07:13:07.368991,738,501,18.39,64.8,194,1
2025-10-27T07:13:25.368991,663,538,28.49,47.47,748,1
2025-10-27T07:13:43.368991,409,702,18.82,51.27,690,1
2025-10-27T07:14:01.368991,624,447,20.05,72.82,440,1
2025-10-27T07:14:19.368991,617,549,21.56,54.19,315,1
2025-10-27T07:14:37.368991,460,581,19.56,72.6,658,0
2025-10-27T07:14:55.368991,714,739,24.52,68.14,219,1
2025-10-27T07:15:13.368991,609,653,25.23,37.3,579,1
2025-10-27T07:15:31.368991,541,719,19.26,73.52,821,1
2025-10-27T07:15:49.368991,616,702,28.23,45.51,771,1
2025-10-27T07:16:07.368991,529,574,27.27,38.5,677,0
2025-10-27T07:16:25.368991,543,423,19.55,46.34,776,0
2025-10-27T07:16:43.368991,750,734,19.59,58.16,632,1
2025-10-27T07:17:01.368991,519,633,26.02,44.52,732,1
2025-10-27T07:17:19.368991,695,715,23.61,37.14,425,1
2025-10-27T07:17:37.368991,712,588,21.13,51.78,414,1
2025-10-27T07:17:55.368991,514,491,27.29,55.11,301,0
2025-10-27T07:18:13.368991,641,458,18.15,47.78,713,1
2025-10-27T07:18:31.368991,427,662,24.21,68.03,542,1
2025-10-27T07:18:49.368991,560,495,28.62,35.32,820,0
2025-10-27T07:19:07.368991,634,416,19.88,59.29,787,1
2025-10-27T07:19:25.368991,472,659,26.64,43.86,491,1
2025-10-27T07:19:43.368991,625,600,21.62,45.75,742,1
2025-10-27T07:20:01.368991,485,561,27.62,52.09,507,0
2025-10-27T07:20:19.368991,529,736,25.96,65.68,879,1
2025-10-27T07:20:37.368991,534,420,27.28,49.4,566,0
2025-10-27T07:20:55.368991,453,661,26.94,73.09,699,1
2025-10-27T07:21:13.368991,732,506,18.81,71.34,187,1
2025-10-27T07:21:31.368991,732,563,24.45,56.5,427,1
2025-10-27T07:21:49.368991,725,475,20.82,44.92,650,1
2025-10-27T07:22:07.368991,409,732,20.49,43.61,344,1
2025-10-27T07:22:25.368991,657,640,29.54,57.81,583,1
2025-10-27T07:22:43.368991,608,627,25.05,36.36,701,1
2025-10-27T07:23:01.368991,480,667,29.09,57.69,231,1
2025-10-27T07:23:19.368991,745,699,27.16,61.95,404,1
2025-10-27T07:23:37.368991,593,536,20.57,45.41,700,0
2025-10-27T07:23:55.368991,638,541,28.45,52.32,854,1
2025-10-27T07:24:13.368991,429,676,25.75,39.26,554,1
2025-10-27T07:24:31.368991,540,598,24.12,41.09,234,0
2025-10-27T07:24:49.368991,727,473,25.86,61.21,731,1
2025-10-27T07:25:07.368991,666,532,23.75,54.77,387,1
2025-10-27T07:25:25.368991,669,539,27.2,62.4,488,1
2025-10-27T07:25:43.368991,617,721,23.2,45.73,261,1
2025-10-27T07:26:01.368991,640,561,24.23,50.08,376,1
2025-10-27T07:26:19.368991,741,413,23.16,67.35,603,1
2025-10-27T07:26:37.368991,631,698,27.06,41.52,898,1
2025-10-27T07:26:55.368991,582,678,19.78,53.45,203,1
2025-10-27T07:27:13.368991,453,729,27.3,54.37,856,1
2025-10-27T07:27:31.368991,678,617,24.27,58.35,679,1
2025-10-27T07:27:49.368991,594,687,28.69,56.3,535,1
2025-10-27T07:28:07.368991,574,460,18.01,48.88,598,0
2025-10-27T07:28:25.368991,666,574,19.59,67.59,775,1
2025-10-27T07:28:43.368991,694,726,23.04,54.59,356,1
2025-10-27T07:29:01.368991,455,431,18.06,50.71,824,0
2025-10-27T07:29:19.368991,706,517,27.59,58.29,291,1
2025-10-27T07:29:37.368991,536,508,27.1,73.12,681,0
2025-10-27T07:29:55.368991,428,445,19.68,55.95,812,0
2025-10-27T07:30:13.368991,511,407,27.69,50.63,585,0
2025-10-27T07:30:31.368991,432,517,29.06,67.45,730,0
2025-10-27T07:30:49.368991,704,415,22.4,60.5,788,1
2025-10-27T07:31:07.368991,684,577,24.84,61.93,664,1
2025-10-27T07:31:25.368991,620,721,22.95,47.36,388,1
2025-10-27T07:31:43.368991,492,733,26.2,64.57,740,1
2025-10-27T07:32:01.368991,583,666,18.46,64.21,377,1
2025-10-27T07:32:19.368991,600,734,20.05,40.34,721,1
2025-10-27T07:32:37.368991,678,719,21.54,50.75,337,1
2025-10-27T07:32:55.368991,481,482,23.71,65.28,853,0
2025-10-27T07:33:13.368991,486,611,22.68,60.4,602,1
2025-10-27T07:33:31.368991,450,584,18.8,42.32,310,0
2025-10-27T07:33:49.368991,514,729,27.85,66.99,286,1
2025-10-27T07:34:07.368991,450,725,26.29,67.19,664,1
2025-10-27T07:34:25.368991,419,447,18.22,64.85,230,0
2025-10-27T07:34:43.368991,527,462,28.2,72.84,574,0
2025-10-27T07:35:01.368991,674,645,27.61,67.06,405,1
2025-10-27T07:35:19.368991,727,488,20.03,36.86,419,1
2025-10-27T07:35:37.368991,590,444,27.78,69.77,473,0
2025-10-27T07:35:55.368991,606,598,18.1,67.88,410,1
2025-10-27T07:36:13.368991,516,608,28.93,39.94,546,1
2025-10-27T07:36:31.368991,684,463,27.91,49.66,578,1
2025-10-27T07:36:49.368991,460,670,25.07,59.81,259,1
2025-10-27T07:37:07.368991,615,633,24.67,42.3,763,1
2025-10-27T07:37:25.368991,528,705,26.81,35.71,864,1
2025-10-27T07:37:43.368991,728,629,23.53,59.76,724,1
2025-10-27T07:38:01.368991,558,650,22.23,50.07,308,1
2025-10-27T07:38:19.368991,546,461,20.45,57.2,787,0
2025-10-27T07:38:37.368991,607,463,24.68,63.63,820,1
2025-10-27T07:38:55.368991,444,668,26.46,35.78,540,1
2025-10-27T07:39:13.368991,599,618,27.06,66.91,485,1
2025-10-27T07:39:31.368991,699,699,22.84,60.33,825,1
2025-10-27T07:39:49.368991,595,725,25.86,46.14,493,1
2025-10-27T07:40:07.368991,412,453,25.04,38.04,549,0
2025-10-27T07:40:25.368991,478,623,21.36,43.46,258,1
2025-10-27T07:40:43.368991,407,589,20.88,73.77,716,0
2025-10-27T07:41:01.368991,704,500,21.89,55.46,791,1
2025-10-27T07:41:19.368991,438,638,24.89,53.8,211,1
2025-10-27T07:41:37.368991,692,448,19.66,41.5,156,1
2025-10-27T07:41:55.368991,689,543,29.37,69.96,665,1
2025-10-27T07:42:13.368991,611,596,24.75,66.43,438,1
2025-10-27T07:42:31.368991,735,462,20.84,69.78,446,1
2025-10-27T07:42:49.368991,684,546,19.5,60.75,897,1
2025-10-27T07:43:07.368991,511,637,20.01,58.76,567,1
2025-10-27T07:43:25.368991,419,598,26.13,71.46,529,0
2025-10-27T07:43:43.368991,657,681,24.82,46.61,348,1
2025-10-27T07:44:01.368991,419,547,29.95,50.03,541,0
2025-10-27T07:44:19.368991,670,441,23.49,59.65,339,1
2025-10-27T07:44:37.368991,639,593,23.06,70.34,428,1
2025-10-27T07:44:55.368991,600,599,24.45,45.7,652,0
2025-10-27T07:45:13.368991,702,513,19.92,70.06,335,1
2025-10-27T07:45:31.368991,733,418,22.39,60.95,692,1
2025-10-27T07:45:49.368991,515,530,28.21,67.14,276,0
2025-10-27T07:46:07.368991,640,521,19.58,51.13,205,1
2025-10-27T07:46:25.368991,636,465,22.22,71.33,234,1
2025-10-27T07:46:43.368991,406,507,23.61,41.74,495,0
2025-10-27T07:47:01.368991,439,660,30.0,38.41,755,1
2025-10-27T07:47:19.368991,415,481,23.26,61.64,441,0
2025-10-27T07:47:37.368991,423,527,20.32,38.6,491,0
2025-10-27T07:47:55.368991,719,670,27.52,36.68,403,1
2025-10-27T07:48:13.368991,635,724,27.8,40.49,423,1
2025-10-27T07:48:31.368991,676,584,23.71,55.35,758,1
2025-10-27T07:48:49.368991,411,618,25.16,45.82,220,1
2025-10-27T07:49:07.368991,462,555,24.2,35.33,842,0
2025-10-27T07:49:25.368991,725,520,22.43,38.58,152,1
2025-10-27T07:49:43.368991,543,462,29.56,63.42,194,0
2025-10-27T07:50:01.368991,548,439,25.63,72.41,853,0
2025-10-27T07:50:19.368991,526,524,26.81,61.63,816,0
2025-10-27T07:50:37.368991,623,465,21.81,57.11,257,1
2025-10-27T07:50:55.368991,626,653,28.52,61.98,209,1
2025-10-27T07:51:13.368991,707,539,24.03,59.61,518,1
2025-10-27T07:51:31.368991,668,592,27.83,59.44,676,1
2025-10-27T07:51:49.368991,721,544,29.79,64.7,857,1
2025-10-27T07:52:07.368991,658,710,28.92,63.5,613,1
2025-10-27T07:52:25.368991,589,691,25.44,67.65,186,1
2025-10-27T07:52:43.368991,450,554,21.74,69.8,390,0
2025-10-27T07:53:01.368991,420,673,28.47,69.9,839,1
2025-10-27T07:53:19.368991,681,660,27.2,74.07,196,1
2025-10-27T07:53:37.368991,720,517,26.9,63.22,240,1
2025-10-27T07:53:55.368991,457,673,27.85,51.73,275,1
2025-10-27T07:54:13.368991,710,701,29.35,68.52,329,1
2025-10-27T07:54:31.368991,611,701,19.05,55.04,424,1
2025-10-27T07:54:49.368991,477,659,22.36,62.14,630,1
2025-10-27T07:55:07.368991,619,529,25.57,44.8,506,1
2025-10-27T07:55:25.368991,429,491,26.64,44.22,330,0
2025-10-27T07:55:43.368991,598,737,27.48,56.63,220,1
2025-10-27T07:56:01.368991,564,577,28.62,54.15,509,0
2025-10-27T07:56:19.368991,543,537,28.67,57.39,691,0
2025-10-27T07:56:37.368991,615,486,24.61,51.35,712,1
2025-10-27T07:56:55.368991,497,638,28.37,69.57,172,1
2025-10-27T07:57:13.368991,417,748,24.92,63.5,780,1
2025-10-27T07:57:31.368991,625,552,28.78,70.72,568,1
2025-10-27T07:57:49.368991,549,487,28.7,59.34,736,0
2025-10-27T07:58:07.368991,746,617,24.05,65.12,545,1
2025-10-27T07:58:25.368991,637,637,29.27,58.68,613,1
2025-10-27T07:58:43.368991,497,701,27.61,58.87,772,1
2025-10-27T07:59:01.368991,609,602,19.77,57.32,322,1
2025-10-27T07:59:19.368991,628,446,28.52,70.16,500,1
2025-10-27T07:59:37.368991,698,644,27.57,49.13,829,1
2025-10-27T07:59:55.368991,406,420,27.07,69.53,209,0
2025-10-27T08:00:13.368991,447,607,26.77,51.85,284,1
2025-10-27T08:00:31.368991,668,623,27.23,69.07,739,1
2025-10-27T08:00:49.368991,459,693,29.93,40.12,481,1
2025-10-27T08:01:07.368991,432,518,28.76,53.04,187,0
2025-10-27T08:01:25.368991,608,504,28.07,60.54,349,1
2025-10-27T08:01:43.368991,556,434,25.92,48.01,898,0
2025-10-27T08:02:01.368991,547,423,23.85,45.53,764,0
2025-10-27T08:02:19.368991,746,714,29.46,71.0,757,1
2025-10-27T08:02:37.368991,721,465,20.86,64.4,403,1
2025-10-27T08:02:55.368991,467,418,19.15,35.91,412,0
2025-10-27T08:03:13.368991,411,706,24.29,46.48,774,1
2025-10-27T08:03:31.368991,450,515,19.88,62.5,279,0
2025-10-27T08:03:49.368991,655,502,18.78,43.51,348,1
2025-10-27T08:04:07.368991,672,515,29.51,59.78,686,1
2025-10-27T08:04:25.368991,683,428,20.75,52.44,440,1
2025-10-27T08:04:43.368991,546,697,27.45,72.77,793,1
2025-10-27T08:05:01.368991,416,498,22.57,43.24,556,0
2025-10-27T08:05:19.368991,434,658,28.21,52.71,309,1
2025-10-27T08:05:37.368991,528,459,27.6,68.25,448,0
2025-10-27T08:05:55.368991,712,598,24.06,35.38,272,1
2025-10-27T08:06:13.368991,700,637,22.24,58.65,634,1
2025-10-27T08:06:31.368991,638,507,22.25,51.42,204,1
2025-10-27T08:06:49.368991,670,404,28.64,71.13,189,1
2025-10-27T08:07:07.368991,467,651,28.94,62.45,598,1
2025-10-27T08:07:25.368991,600,541,26.0,37.02,316,0
2025-10-27T08:07:43.368991,748,670,25.55,47.55,372,1
2025-10-27T08:08:01.368991,617,660,29.68,54.88,612,1
2025-10-27T08:08:19.368991,747,549,22.22,37.26,583,1
2025-10-27T08:08:37.368991,720,601,25.25,46.65,637,1
2025-10-27T08:08:55.368991,487,472,27.07,62.1,836,0
2025-10-27T08:09:13.368991,536,600,28.34,70.24,621,0
2025-10-27T08:09:31.368991,498,653,28.04,45.07,189,1
2025-10-27T08:09:49.368991,679,435,24.05,36.7,878,1
2025-10-27T08:10:07.368991,447,405,19.73,58.86,807,0
2025-10-27T08:10:25.368991,597,458,22.79,47.7,523,0
2025-10-27T08:10:43.368991,452,478,23.55,64.92,712,0
2025-10-27T08:11:01.368991,694,405,22.39,63.8,184,1
2025-10-27T08:11:19.368991,587,639,18.05,68.07,399,1
2025-10-27T08:11:37.368991,717,570,21.68,62.13,271,1
2025-10-27T08:11:55.368991,554,480,19.85,60.06,210,0
2025-10-27T08:12:13.368991,514,683,23.88,50.71,710,1
2025-10-27T08:12:31.368991,590,685,23.65,67.9,291,1
2025-10-27T08:12:49.368991,550,589,20.45,42.32,888,0
2025-10-27T08:13:07.368991,507,707,22.22,45.78,632,1
2025-10-27T08:13:25.368991,452,446,24.39,65.69,568,0
2025-10-27T08:13:43.368991,745,525,27.64,45.79,271,1
2025-10-27T08:14:01.368991,694,594,24.94,54.57,602,1
2025-10-27T08:14:19.368991,552,407,28.99,49.05,840,0
2025-10-27T08:14:37.368991,585,743,26.98,70.3,268,1
2025-10-27T08:14:55.368991,585,427,25.99,62.21,223,0
2025-10-27T08:15:13.368991,740,724,22.88,42.24,369,1
2025-10-27T08:15:31.368991,419,656,18.84,54.63,696,1
2025-10-27T08:15:49.368991,700,573,27.98,54.1,553,1
2025-10-27T08:16:07.368991,644,632,29.66,64.41,342,1
2025-10-27T08:16:25.368991,644,641,20.48,61.48,263,1
2025-10-27T08:16:43.368991,574,544,29.71,54.9,655,0
2025-10-27T08:17:01.368991,578,719,22.03,47.03,348,1
2025-10-27T08:17:19.368991,403,487,29.54,68.5,810,0
2025-10-27T08:17:37.368991,603,417,22.6,71.82,473,1
2025-10-27T08:17:55.368991,647,430,23.67,57.23,854,1
2025-10-27T08:18:13.368991,549,571,18.35,38.73,422,0
2025-10-27T08:18:31.368991,435,715,24.27,46.43,391,1
2025-10-27T08:18:49.368991,492,482,22.24,59.15,624,0
2025-10-27T08:19:07.368991,526,544,25.81,67.94,389,0
2025-10-27T08:19:25.368991,516,599,19.38,36.33,814,0
2025-10-27T08:19:43.368991,420,695,19.8,49.91,808,1
2025-10-27T08:20:01.368991,570,411,28.44,63.68,688,0
2025-10-27T08:20:19.368991,497,494,26.28,66.27,562,0
2025-10-27T08:20:37.368991,607,516,20.68,66.59,605,1
2025-10-27T08:20:55.368991,551,702,22.95,55.71,879,1
2025-10-27T08:21:13.368991,719,548,19.36,68.06,277,1
2025-10-27T08:21:31.368991,467,686,20.73,71.99,433,1
2025-10-27T08:21:49.368991,631,443,19.45,64.22,682,1
2025-10-27T08:22:07.368991,606,690,25.16,57.49,393,1
2025-10-27T08:22:25.368991,419,662,18.25,58.94,507,1
2025-10-27T08:22:43.368991,676,445,18.32,38.81,644,1
2025-10-27T08:23:01.368991,487,545,24.75,73.63,801,0
2025-10-27T08:23:19.368991,666,705,21.98,64.19,628,1
2025-10-27T08:23:37.368991,604,661,20.99,42.89,731,1
2025-10-27T08:23:55.368991,528,685,22.97,72.97,275,1
2025-10-27T08:24:13.368991,429,504,28.91,48.67,878,0
2025-10-27T08:24:31.368991,400,500,27.08,68.6,719,0
2025-10-27T08:24:49.368991,591,628,23.98,50.13,158,1
2025-10-27T08:25:07.368991,667,462,29.99,48.89,451,1
2025-10-27T08:25:25.368991,402,454,26.42,51.0,733,0
2025-10-27T08:25:43.368991,411,441,19.19,58.19,442,0
2025-10-27T08:26:01.368991,513,611,19.28,45.89,301,1
2025-10-27T08:26:19.368991,741,428,29.28,73.82,522,1
2025-10-27T08:26:37.368991,668,477,20.82,61.76,365,1
2025-10-27T08:26:55.368991,422,678,28.39,72.39,462,1
2025-10-27T08:27:13.368991,542,558,28.07,74.14,344,0
2025-10-27T08:27:31.368991,441,429,27.82,65.69,762,0
2025-10-27T08:27:49.368991,560,443,26.49,35.33,566,0
2025-10-27T08:28:07.368991,572,538,18.6,51.18,372,0
2025-10-27T08:28:25.368991,504,659,21.94,67.47,284,1
2025-10-27T08:28:43.368991,480,637,19.03,36.58,466,1
2025-10-27T08:29:01.368991,591,445,20.18,60.29,896,0
2025-10-27T08:29:19.368991,496,706,25.78,63.9,795,1
2025-10-27T08:29:37.368991,543,420,20.47,62.11,853,0
2025-10-27T08:29:55.368991,546,586,23.34,50.44,340,0
2025-10-27T08:30:13.368991,555,696,23.81,61.78,387,1
2025-10-27T08:30:31.368991,524,420,18.58,63.95,451,0
2025-10-27T08:30:49.368991,731,603,28.6,49.99,584,1
2025-10-27T08:31:07.368991,409,609,18.05,40.78,301,1
2025-10-27T08:31:25.368991,572,626,21.37,41.27,547,1
2025-10-27T08:31:43.368991,531,402,18.59,70.79,172,0
2025-10-27T08:32:01.368991,723,744,20.39,65.94,865,1
2025-10-27T08:32:19.368991,678,738,27.53,43.51,415,1
2025-10-27T08:32:37.368991,513,454,23.91,55.73,369,0
2025-10-27T08:32:55.368991,424,502,18.71,58.62,635,0
2025-10-27T08:33:13.368991,684,650,24.83,48.79,171,1
2025-10-27T08:33:31.368991,552,644,25.13,49.0,809,1
2025-10-27T08:33:49.368991,712,623,21.02,48.11,603,1
2025-10-27T08:34:07.368991,461,455,23.41,56.34,600,0
2025-10-27T08:34:25.368991,732,415,22.88,72.87,176,1
2025-10-27T08:34:43.368991,564,549,29.91,37.03,656,0
2025-10-27T08:35:01.368991,713,690,22.08,55.4,747,1
2025-10-27T08:35:19.368991,684,532,24.88,51.06,385,1
2025-10-27T08:35:37.368991,596,680,20.86,66.97,854,1
2025-10-27T08:35:55.368991,462,418,27.89,68.03,638,0
2025-10-27T08:36:13.368991,435,434,26.66,68.21,748,0
2025-10-27T08:36:31.368991,452,492,18.97,35.81,862,0
2025-10-27T08:36:49.368991,505,645,26.36,50.82,382,1
2025-10-27T08:37:07.368991,548,471,23.9,58.66,774,0
2025-10-27T08:37:25.368991,610,652,19.13,46.9,580,1
2025-10-27T08:37:43.368991,664,507,22.22,72.71,255,1
2025-10-27T08:38:01.368991,475,475,21.97,38.09,275,0
2025-10-27T08:38:19.368991,431,403,18.03,44.48,259,0
2025-10-27T08:38:37.368991,545,533,22.01,68.31,409,0
2025-10-27T08:38:55.368991,737,446,23.85,44.94,833,1
2025-10-27T08:39:13.368991,458,699,22.44,73.6,339,1
2025-10-27T08:39:31.368991,713,527,29.16,48.68,877,1
2025-10-27T08:39:49.368991,667,673,24.2,64.66,286,1
2025-10-27T08:40:07.368991,488,513,21.88,40.17,804,0
2025-10-27T08:40:25.368991,694,455,27.79,59.38,451,1
2025-10-27T08:40:43.368991,737,745,26.33,74.53,697,1
2025-10-27T08:41:01.368991,466,595,25.39,41.59,729,0
2025-10-27T08:41:19.368991,437,456,27.56,35.94,178,0
2025-10-27T08:41:37.368991,401,529,18.88,67.64,297,0
2025-10-27T08:41:55.368991,495,568,25.85,72.74,309,0
2025-10-27T08:42:13.368991,400,639,26.05,53.05,617,1
2025-10-27T08:42:31.368991,428,676,27.62,57.25,578,1
2025-10-27T08:42:49.368991,637,472,23.98,36.64,488,1
2025-10-27T08:43:07.368991,732,657,27.0,37.97,454,1
2025-10-27T08:43:25.368991,686,440,22.23,47.59,558,1
2025-10-27T08:43:43.368991,433,605,29.78,52.21,444,1
2025-10-27T08:44:01.368991,614,607,25.81,46.66,176,1
2025-10-27T08:44:19.368991,486,554,18.53,59.02,643,0
2025-10-27T08:44:37.368991,541,726,21.24,71.87,302,1
2025-10-27T08:44:55.368991,522,450,21.31,73.45,474,0
2025-10-27T08:45:13.368991,553,423,26.0,43.83,205,0
2025-10-27T08:45:31.368991,709,688,21.38,67.23,627,1
2025-10-27T08:45:49.368991,468,555,21.79,40.09,747,0
2025-10-27T08:46:07.368991,599,508,27.19,49.69,569,0
2025-10-27T08:46:25.368991,616,600,29.04,54.78,794,1
2025-10-27T08:46:43.368991,487,456,25.83,60.87,836,0
2025-10-27T08:47:01.368991,611,473,20.01,65.58,677,1
2025-10-27T08:47:19.368991,493,556,25.43,40.77,248,0
2025-10-27T08:47:37.368991,519,608,23.99,47.21,878,1
2025-10-27T08:47:55.368991,508,496,27.17,56.36,899,0
2025-10-27T08:48:13.368991,677,680,25.93,36.14,741,1
2025-10-27T08:48:31.368991,510,572,21.29,49.61,524,0
2025-10-27T08:48:49.368991,686,723,18.65,57.41,419,1
2025-10-27T08:49:07.368991,652,420,21.43,48.71,835,1
2025-10-27T08:49:25.368991,670,705,27.3,55.1,309,1
2025-10-27T08:49:43.368991,574,504,21.97,41.03,403,0
2025-10-27T08:50:01.368991,665,533,18.95,60.95,447,1
2025-10-27T08:50:19.368991,747,526,19.57,61.15,167,1
2025-10-27T08:50:37.368991,432,687,19.62,46.88,499,1
2025-10-27T08:50:55.368991,658,447,27.5,61.67,735,1
2025-10-27T08:51:13.368991,406,644,22.08,35.43,803,1
2025-10-27T08:51:31.368991,628,489,28.18,63.84,652,1
2025-10-27T08:51:49.368991,682,548,22.93,37.75,260,1
2025-10-27T08:52:07.368991,580,681,18.32,64.4,679,1
2025-10-27T08:52:25.368991,455,623,21.99,60.51,454,1
2025-10-27T08:52:43.368991,547,642,22.43,68.97,214,1
2025-10-27T08:53:01.368991,740,477,21.84,57.33,657,1
2025-10-27T08:53:19.368991,653,585,27.34,36.02,231,1
2025-10-27T08:53:37.368991,517,533,22.25,45.65,752,0
2025-10-27T08:53:55.368991,629,591,23.13,40.4,689,1
2025-10-27T08:54:13.368991,642,548,21.61,52.21,774,1
2025-10-27T08:54:31.368991,441,474,28.35,71.88,659,0
2025-10-27T08:54:49.368991,610,635,19.87,65.52,437,1
2025-10-27T08:55:07.368991,435,587,25.8,66.0,421,0
2025-10-27T08:55:25.368991,597,477,18.27,65.98,432,0
2025-10-27T08:55:43.368991,549,448,29.59,72.05,480,0
2025-10-27T08:56:01.368991,591,598,23.58,64.01,476,0
2025-10-27T08:56:19.368991,515,457,18.79,51.47,392,0
2025-10-27T08:56:37.368991,587,579,28.89,71.48,653,0
2025-10-27T08:56:55.368991,517,721,25.73,54.46,725,1
2025-10-27T08:57:13.368991,663,414,20.69,54.83,313,1
2025-10-27T08:57:31.368991,425,486,20.39,58.83,270,0
2025-10-27T08:57:49.368991,574,424,19.34,42.34,741,0
2025-10-27T08:58:07.368991,609,546,27.28,54.55,767,1
2025-10-27T08:58:25.368991,554,481,29.77,66.63,824,0
2025-10-27T08:58:43.368991,682,504,27.02,57.88,449,1
2025-10-27T08:59:01.368991,439,465,29.73,56.22,482,0
2025-10-27T08:59:19.368991,617,590,24.43,54.15,511,1
2025-10-27T08:59:37.368991,572,414,21.27,51.75,153,0
2025-10-27T08:59:55.368991,646,542,26.6,69.84,333,1
2025-10-27T09:00:13.368991,679,474,23.89,58.66,829,1
2025-10-27T09:00:31.368991,508,739,27.12,47.8,159,1
2025-10-27T09:00:49.368991,437,458,22.55,74.36,552,0
2025-10-27T09:01:07.368991,710,543,28.12,43.87,795,1
2025-10-27T09:01:25.368991,559,436,26.48,51.32,271,0
2025-10-27T09:01:43.368991,532,639,23.89,73.48,681,1
2025-10-27T09:02:01.368991,563,426,26.63,51.64,449,0
2025-10-27T09:02:19.368991,425,501,19.13,58.12,718,0
2025-10-27T09:02:37.368991,455,422,27.18,42.01,310,0
2025-10-27T09:02:55.368991,583,505,28.56,53.34,232,0
2025-10-27T09:03:13.368991,551,482,29.59,38.3,507,0
2025-10-27T09:03:31.368991,429,452,19.58,52.13,475,0
2025-10-27T09:03:49.368991,415,530,21.22,67.36,647,0
2025-10-27T09:04:07.368991,419,566,21.25,66.98,677,0
2025-10-27T09:04:25.368991,541,731,24.83,68.07,699,1
2025-10-27T09:04:43.368991,502,677,24.75,48.25,382,1
2025-10-27T09:05:01.368991,624,466,26.18,38.3,653,1
2025-10-27T09:05:19.368991,749,591,22.41,71.88,811,1
2025-10-27T09:05:37.368991,461,473,29.06,67.55,797,0
2025-10-27T09:05:55.368991,463,479,20.99,45.6,568,0
2025-10-27T09:06:13.368991,613,740,29.71,73.94,697,1
2025-10-27T09:06:31.368991,735,486,21.13,61.65,880,1
2025-10-27T09:06:49.368991,467,715,18.68,45.67,850,1
2025-10-27T09:07:07.368991,403,446,22.85,40.64,502,0
2025-10-27T09:07:25.368991,508,587,25.5,37.15,466,0
2025-10-27T09:07:43.368991,688,538,23.75,44.61,256,1
2025-10-27T09:08:01.368991,651,613,18.18,72.37,711,1
2025-10-27T09:08:19.368991,565,726,23.29,36.85,524,1
2025-10-27T09:08:37.368991,484,618,27.25,65.44,272,1
2025-10-27T09:08:55.368991,417,452,26.39,56.08,588,0
2025-10-27T09:09:13.368991,539,592,19.19,51.08,258,0
2025-10-27T09:09:31.368991,432,590,18.07,65.55,501,0
2025-10-27T09:09:49.368991,678,694,20.7,68.86,642,1
2025-10-27T09:10:07.368991,638,584,21.53,50.35,193,1
2025-10-27T09:10:25.368991,407,636,19.37,58.98,415,1
2025-10-27T09:10:43.368991,538,746,26.99,51.66,879,1
2025-10-27T09:11:01.368991,611,402,26.93,74.1,267,1
2025-10-27T09:11:19.368991,572,643,28.68,50.84,457,1
2025-10-27T09:11:37.368991,500,520,28.54,59.59,826,0
2025-10-27T09:11:55.368991,514,516,23.89,64.41,486,0
2025-10-27T09:12:13.368991,732,501,27.56,54.13,723,1
2025-10-27T09:12:31.368991,610,551,19.81,42.23,247,1
2025-10-27T09:12:49.368991,584,748,26.48,64.69,497,1
2025-10-27T09:13:07.368991,734,655,29.59,60.97,775,1
2025-10-27T09:13:25.368991,444,584,24.87,72.81,230,0
2025-10-27T09:13:43.368991,412,651,27.14,66.25,557,1
2025-10-27T09:14:01.368991,413,750,19.86,47.32,429,1
2025-10-27T09:14:19.368991,514,691,27.24,61.51,847,1
2025-10-27T09:14:37.368991,687,730,29.42,51.64,410,1
2025-10-27T09:14:55.368991,689,732,25.67,46.61,290,1
2025-10-27T09:15:13.368991,425,481,21.15,47.37,340,0
2025-10-27T09:15:31.368991,506,704,21.17,70.56,272,1
2025-10-27T09:15:49.368991,426,662,18.74,47.44,520,1
2025-10-27T09:16:07.368991,672,732,27.06,41.45,301,1
2025-10-27T09:16:25.368991,735,556,24.54,65.2,811,1
2025-10-27T09:16:43.368991,661,508,18.41,35.91,874,1
2025-10-27T09:17:01.368991,547,436,26.08,48.47,859,0
2025-10-27T09:17:19.368991,726,435,18.38,73.5,453,1
2025-10-27T09:17:37.368991,480,679,25.16,52.89,218,1
2025-10-27T09:17:55.368991,649,542,25.39,67.02,381,1
2025-10-27T09:18:13.368991,591,564,21.13,68.7,681,0
2025-10-27T09:18:31.368991,651,576,22.96,65.3,243,1
2025-10-27T09:18:49.368991,488,491,29.48,42.35,667,0
2025-10-27T09:19:07.368991,596,650,28.47,38.72,575,1
2025-10-27T09:19:25.368991,700,740,21.13,54.42,729,1
2025-10-27T09:19:43.368991,421,706,25.08,53.52,838,1
2025-10-27T09:20:01.368991,661,421,29.64,67.53,349,1
2025-10-27T09:20:19.368991,626,616,21.07,36.29,208,1
2025-10-27T09:20:37.368991,538,576,27.23,36.88,405,0
2025-10-27T09:20:55.368991,557,534,27.21,60.22,466,0
2025-10-27T09:21:13.368991,555,611,26.66,39.91,513,1
2025-10-27T09:21:31.368991,579,581,27.21,64.15,318,0
2025-10-27T09:21:49.368991,467,606,21.92,53.99,436,1
2025-10-27T09:22:07.368991,405,623,25.65,48.21,387,1
2025-10-27T09:22:25.368991,501,605,22.96,64.04,318,1
2025-10-27T09:22:43.368991,623,448,25.18,65.17,305,1
2025-10-27T09:23:01.368991,644,749,29.78,62.04,268,1
2025-10-27T09:23:19.368991,529,632,25.26,48.26,601,1
2025-10-27T09:23:37.368991,716,592,26.48,61.14,474,1
2025-10-27T09:23:55.368991,475,482,21.76,51.7,459,0
2025-10-27T09:24:13.368991,663,678,19.97,67.83,654,1
2025-10-27T09:24:31.368991,682,560,28.36,74.62,285,1
2025-10-27T09:24:49.368991,407,683,20.38,46.4,798,1
2025-10-27T09:25:07.368991,417,671,26.19,71.81,767,1
2025-10-27T09:25:25.368991,584,590,23.12,53.43,848,0
2025-10-27T09:25:43.368991,452,734,22.33,41.51,759,1
2025-10-27T09:26:01.368991,534,603,22.67,50.08,334,1
2025-10-27T09:26:19.368991,530,550,25.34,74.78,404,0
2025-10-27T09:26:37.368991,547,462,28.46,49.15,763,0
2025-10-27T09:26:55.368991,630,726,20.9,74.23,733,1
2025-10-27T09:27:13.368991,614,551,21.56,71.83,717,1
2025-10-27T09:27:31.368991,426,456,18.63,62.52,645,0
2025-10-27T09:27:49.368991,672,525,25.56,66.06,188,1
2025-10-27T09:28:07.368991,530,709,21.73,52.61,868,1
2025-10-27T09:28:25.368991,607,736,19.4,44.3,849,1
2025-10-27T09:28:43.368991,429,576,22.32,63.99,754,0
2025-10-27T09:29:01.368991,625,590,28.32,37.0,891,1
2025-10-27T09:29:19.368991,706,578,27.49,49.03,607,1
2025-10-27T09:29:37.368991,420,402,24.77,71.35,884,0
2025-10-27T09:29:55.368991,631,471,24.37,59.28,836,1
2025-10-27T09:30:13.368991,636,689,27.31,58.86,178,1
2025-10-27T09:30:31.368991,460,504,27.45,36.96,486,0
2025-10-27T09:30:49.368991,535,681,27.38,52.63,462,1
2025-10-27T09:31:07.368991,612,425,26.72,60.02,212,1
2025-10-27T09:31:25.368991,460,404,20.54,56.34,168,0
2025-10-27T09:31:43.368991,581,408,27.87,54.94,556,0
2025-10-27T09:32:01.368991,662,688,19.76,39.21,649,1
2025-10-27T09:32:19.368991,662,484,25.94,62.81,521,1
2025-10-27T09:32:37.368991,698,576,29.14,74.91,666,1
2025-10-27T09:32:55.368991,425,670,19.59,70.7,510,1
2025-10-27T09:33:13.368991,554,406,22.51,58.44,291,0
2025-10-27T09:33:31.368991,416,669,29.46,58.96,736,1
2025-10-27T09:33:49.368991,618,662,24.47,59.74,858,1
2025-10-27T09:34:07.368991,716,658,22.63,66.22,362,1
2025-10-27T09:34:25.368991,723,696,24.67,53.48,229,1
2025-10-27T09:34:43.368991,710,483,23.1,70.55,564,1
2025-10-27T09:35:01.368991,456,497,26.59,41.59,283,0
2025-10-27T09:35:19.368991,540,656,22.23,37.54,546,1
2025-10-27T09:35:37.368991,651,645,28.3,52.38,561,1
2025-10-27T09:35:55.368991,738,749,20.83,39.05,743,1
2025-10-27T09:36:13.368991,736,694,28.45,58.49,512,1
2025-10-27T09:36:31.368991,528,667,18.15,68.0,255,1
2025-10-27T09:36:49.368991,642,511,19.53,45.05,667,1
2025-10-27T09:37:07.368991,443,566,18.69,74.15,287,0
2025-10-27T09:37:25.368991,737,496,26.53,36.64,804,1
2025-10-27T09:37:43.368991,496,749,21.75,57.19,665,1
2025-10-27T09:38:01.368991,475,516,29.55,70.82,750,0
2025-10-27T09:38:19.368991,564,617,26.21,55.19,811,1
2025-10-27T09:38:37.368991,426,586,22.86,62.56,533,0
2025-10-27T09:38:55.368991,655,559,23.54,56.68,521,1
2025-10-27T09:39:13.368991,595,463,22.16,53.3,733,0
2025-10-27T09:39:31.368991,433,448,21.02,53.93,625,0
2025-10-27T09:39:49.368991,743,605,20.59,67.69,474,1
2025-10-27T09:40:07.368991,467,596,18.94,64.98,175,0
2025-10-27T09:40:25.368991,455,508,26.13,68.81,637,0
2025-10-27T09:40:43.368991,652,656,26.16,42.74,695,1
2025-10-27T09:41:01.368991,658,550,29.63,65.07,741,1
2025-10-27T09:41:19.368991,613,749,28.05,54.18,597,1
2025-10-27T09:41:37.368991,527,702,24.09,74.18,752,1
2025-10-27T09:41:55.368991,445,405,22.53,37.01,878,0
2025-10-27T09:42:13.368991,735,443,19.46,65.82,596,1
2025-10-27T09:42:31.368991,458,656,27.7,73.7,870,1
2025-10-27T09:42:49.368991,593,656,24.33,50.68,365,1
2025-10-27T09:43:07.368991,441,717,27.06,63.6,769,1
2025-10-27T09:43:25.368991,587,623,24.07,54.04,768,1
2025-10-27T09:43:43.368991,408,587,20.63,48.54,605,0
2025-10-27T09:44:01.368991,562,709,30.0,53.68,474,1
2025-10-27T09:44:19.368991,513,511,20.13,44.64,825,0
2025-10-27T09:44:37.368991,641,651,23.31,70.84,260,1
2025-10-27T09:44:55.368991,571,617,21.05,39.93,425,1
2025-10-27T09:45:13.368991,612,602,28.98,69.86,277,1
2025-10-27T09:45:31.368991,512,500,20.28,48.31,811,0
2025-10-27T09:45:49.368991,541,627,26.01,41.15,362,1
2025-10-27T09:46:07.368991,577,525,29.77,73.16,747,0
2025-10-27T09:46:25.368991,458,592,23.67,67.41,425,0
2025-10-27T09:46:43.368991,618,453,20.94,43.24,702,1
2025-10-27T09:47:01.368991,565,553,28.47,70.12,362,0
2025-10-27T09:47:19.368991,675,539,24.61,43.12,397,1
2025-10-27T09:47:37.368991,423,525,21.66,65.87,605,0
2025-10-27T09:47:55.368991,619,437,21.3,73.11,349,1
2025-10-27T09:48:13.368991,418,518,26.74,48.84,784,0
2025-10-27T09:48:31.368991,706,610,25.03,71.95,353,1
2025-10-27T09:48:49.368991,631,750,27.11,51.93,763,1
2025-10-27T09:49:07.368991,538,407,28.68,72.59,878,0
2025-10-27T09:49:25.368991,726,675,19.25,43.79,257,1
2025-10-27T09:49:43.368991,427,608,22.41,43.62,217,1
2025-10-27T09:50:01.368991,709,548,28.05,68.93,813,1
2025-10-27T09:50:19.368991,723,418,21.88,36.7,700,1
2025-10-27T09:50:37.368991,724,581,21.44,66.15,591,1
2025-10-27T09:50:55.368991,714,670,19.11,45.85,825,1
2025-10-27T09:51:13.368991,680,711,21.41,52.9,527,1
2025-10-27T09:51:31.368991,417,605,26.09,73.01,489,1
2025-10-27T09:51:49.368991,684,474,21.13,59.79,230,1
2025-10-27T09:52:07.368991,663,618,29.39,44.23,452,1
2025-10-27T09:52:25.368991,690,660,20.48,59.45,496,1
